order,id,struct,dM,e0,e1,einf,genus,dimZG,dimMG,r,rL,indec,dimEnd,EndModRad,subgp_bin
4,1,C4,0,4,4,2,1,2,1,1,1,True,2,M1(F2),"(1, 2, 2)"
4,1,C4,0,4,2,4,1,2,1,1,1,True,2,M1(F2),"(1, 2, 2)"
4,1,C4,0,2,4,4,1,2,1,1,1,True,2,M1(F2),"(1, 2, 2)"
8,1,C8,0,8,8,4,3,2,1,1,1,True,6,M1(F2),"(2, 3, 3)"
8,1,C8,0,8,4,8,3,2,1,1,1,True,6,M1(F2),"(2, 3, 3)"
8,1,C8,0,8,2,8,2,2,1,1,1,True,4,M1(F2),"(1, 3, 3)"
8,1,C8,0,8,8,2,2,2,1,1,1,True,4,M1(F2),"(1, 3, 3)"
8,1,C8,0,8,8,4,3,2,1,1,1,True,6,M1(F2),"(2, 3, 3)"
8,1,C8,0,8,4,8,3,2,1,1,1,True,6,M1(F2),"(2, 3, 3)"
8,1,C8,0,4,8,8,3,2,1,1,1,True,6,M1(F2),"(2, 3, 3)"
8,1,C8,0,4,8,8,3,2,1,1,1,True,6,M1(F2),"(2, 3, 3)"
8,1,C8,0,2,8,8,2,2,1,1,1,True,4,M1(F2),"(1, 3, 3)"
8,2,C4 x C2,1,4,2,4,1,3,1,2,2,True,2,M1(F2),"(2, 4, 6)"
8,2,C4 x C2,1,4,4,2,1,3,1,2,2,True,2,M1(F2),"(3, 4, 6)"
8,2,C4 x C2,1,2,4,4,1,3,1,2,2,True,2,M1(F2),"(2, 4, 6)"
8,4,Q8,0,4,4,4,2,2,2,0,0,True,6,M1(F4),"(2, 3, 4)"
16,1,C16,0,16,16,8,7,2,1,1,1,True,14,M1(F2),"(3, 4, 4)"
16,1,C16,0,16,8,16,7,2,1,1,1,True,14,M1(F2),"(3, 4, 4)"
16,1,C16,0,16,4,16,6,2,1,1,1,True,12,M1(F2),"(2, 4, 4)"
16,1,C16,0,16,2,16,4,2,1,1,1,True,8,M1(F2),"(1, 4, 4)"
16,1,C16,0,16,16,4,6,2,1,1,1,True,12,M1(F2),"(2, 4, 4)"
16,1,C16,0,16,16,8,7,2,1,1,1,True,14,M1(F2),"(3, 4, 4)"
16,1,C16,0,16,16,8,7,2,1,1,1,True,14,M1(F2),"(3, 4, 4)"
16,1,C16,0,16,8,16,7,2,1,1,1,True,14,M1(F2),"(3, 4, 4)"
16,1,C16,0,16,8,16,7,2,1,1,1,True,14,M1(F2),"(3, 4, 4)"
16,1,C16,0,16,4,16,6,2,1,1,1,True,12,M1(F2),"(2, 4, 4)"
16,1,C16,0,16,16,2,4,2,1,1,1,True,8,M1(F2),"(1, 4, 4)"
16,1,C16,0,16,16,4,6,2,1,1,1,True,12,M1(F2),"(2, 4, 4)"
16,1,C16,0,16,16,8,7,2,1,1,1,True,14,M1(F2),"(3, 4, 4)"
16,1,C16,0,16,8,16,7,2,1,1,1,True,14,M1(F2),"(3, 4, 4)"
16,1,C16,0,8,16,16,7,2,1,1,1,True,14,M1(F2),"(3, 4, 4)"
16,1,C16,0,8,16,16,7,2,1,1,1,True,14,M1(F2),"(3, 4, 4)"
16,1,C16,0,8,16,16,7,2,1,1,1,True,14,M1(F2),"(3, 4, 4)"
16,1,C16,0,8,16,16,7,2,1,1,1,True,14,M1(F2),"(3, 4, 4)"
16,1,C16,0,4,16,16,6,2,1,1,1,True,12,M1(F2),"(2, 4, 4)"
16,1,C16,0,4,16,16,6,2,1,1,1,True,12,M1(F2),"(2, 4, 4)"
16,1,C16,0,2,16,16,4,2,1,1,1,True,8,M1(F2),"(1, 4, 4)"
16,2,C4 x C4,1,4,4,4,3,3,1,2,2,True,6,M1(F2),"(5, 7, 9)"
16,3,(C4 x C2) : C2,2,4,2,4,1,4,1,3,2,True,2,M1(F2),"(4, 7, 12)"
16,3,(C4 x C2) : C2,2,4,4,2,1,4,1,3,2,True,2,M1(F2),"(5, 7, 12)"
16,3,(C4 x C2) : C2,2,2,4,4,1,4,1,3,2,True,2,M1(F2),"(4, 7, 12)"
16,4,C4 : C4,1,4,4,4,3,3,1,2,1,True,6,M1(F2),"(5, 6, 8)"
16,4,C4 : C4,1,4,4,4,3,3,1,2,1,True,6,M1(F2),"(5, 7, 8)"
16,4,C4 : C4,1,4,4,4,3,3,1,2,1,True,6,M1(F2),"(5, 6, 8)"
16,5,C8 x C2,1,8,2,8,3,3,1,2,2,True,6,M1(F2),"(2, 7, 9)"
16,5,C8 x C2,1,8,8,4,5,3,2,1,1,True,12,M1(F2),"(6, 7, 9)"
16,5,C8 x C2,1,8,4,8,5,3,2,1,1,True,12,M1(F2),"(6, 7, 9)"
16,5,C8 x C2,1,8,8,2,3,3,1,2,2,True,6,M1(F2),"(3, 7, 9)"
16,5,C8 x C2,1,2,8,8,3,3,1,2,2,True,6,M1(F2),"(2, 7, 9)"
16,5,C8 x C2,1,4,8,8,5,3,2,1,1,True,12,M1(F2),"(6, 7, 9)"
16,6,C8 : C2,0,8,2,8,3,2,1,1,1,True,5,M1(F2),"(2, 6, 8)"
16,6,C8 : C2,0,8,8,4,5,2,2,0,0,True,12,M1(F2),"(5, 6, 8)"
16,6,C8 : C2,0,8,4,8,5,2,2,0,0,True,12,M1(F2),"(5, 6, 8)"
16,6,C8 : C2,0,8,8,2,3,2,1,1,1,True,5,M1(F2),"(2, 6, 8)"
16,6,C8 : C2,0,2,8,8,3,2,1,1,1,True,5,M1(F2),"(2, 6, 8)"
16,6,C8 : C2,0,4,8,8,5,2,2,0,0,True,12,M1(F2),"(5, 6, 8)"
16,8,QD16,0,4,2,8,2,2,1,1,1,True,3,M1(F2),"(2, 4, 8)"
16,8,QD16,0,4,8,2,2,2,1,1,1,True,3,M1(F2),"(2, 4, 8)"
16,8,QD16,0,2,4,8,2,2,1,1,1,True,3,M1(F2),"(2, 4, 8)"
16,8,QD16,0,2,8,4,2,2,1,1,1,True,3,M1(F2),"(2, 4, 8)"
16,8,QD16,0,8,4,2,2,2,1,1,1,True,3,M1(F2),"(2, 4, 8)"
16,8,QD16,0,8,2,4,2,2,1,1,1,True,3,M1(F2),"(2, 4, 8)"
16,9,Q16,0,4,4,8,4,2,2,0,0,False,10,M1(F2)+M1(F2),"(3, 4, 7)"
16,9,Q16,0,4,8,4,4,2,2,0,0,False,10,M1(F2)+M1(F2),"(3, 4, 7)"
16,9,Q16,0,8,4,4,4,2,2,0,0,False,10,M1(F2)+M1(F2),"(3, 4, 7)"
32,1,C32,0,32,32,16,15,2,1,1,1,True,30,M1(F2),"(4, 5, 5)"
32,1,C32,0,32,16,32,15,2,1,1,1,True,30,M1(F2),"(4, 5, 5)"
32,1,C32,0,32,8,32,14,2,1,1,1,True,28,M1(F2),"(3, 5, 5)"
32,1,C32,0,32,4,32,12,2,1,1,1,True,24,M1(F2),"(2, 5, 5)"
32,1,C32,0,32,2,32,8,2,1,1,1,True,16,M1(F2),"(1, 5, 5)"
32,1,C32,0,32,32,8,14,2,1,1,1,True,28,M1(F2),"(3, 5, 5)"
32,1,C32,0,32,32,16,15,2,1,1,1,True,30,M1(F2),"(4, 5, 5)"
32,1,C32,0,32,32,16,15,2,1,1,1,True,30,M1(F2),"(4, 5, 5)"
32,1,C32,0,32,32,16,15,2,1,1,1,True,30,M1(F2),"(4, 5, 5)"
32,1,C32,0,32,16,32,15,2,1,1,1,True,30,M1(F2),"(4, 5, 5)"
32,1,C32,0,32,16,32,15,2,1,1,1,True,30,M1(F2),"(4, 5, 5)"
32,1,C32,0,32,16,32,15,2,1,1,1,True,30,M1(F2),"(4, 5, 5)"
32,1,C32,0,32,8,32,14,2,1,1,1,True,28,M1(F2),"(3, 5, 5)"
32,1,C32,0,32,8,32,14,2,1,1,1,True,28,M1(F2),"(3, 5, 5)"
32,1,C32,0,32,4,32,12,2,1,1,1,True,24,M1(F2),"(2, 5, 5)"
32,1,C32,0,32,32,4,12,2,1,1,1,True,24,M1(F2),"(2, 5, 5)"
32,1,C32,0,32,32,8,14,2,1,1,1,True,28,M1(F2),"(3, 5, 5)"
32,1,C32,0,32,32,8,14,2,1,1,1,True,28,M1(F2),"(3, 5, 5)"
32,1,C32,0,32,32,16,15,2,1,1,1,True,30,M1(F2),"(4, 5, 5)"
32,1,C32,0,32,32,16,15,2,1,1,1,True,30,M1(F2),"(4, 5, 5)"
32,1,C32,0,32,32,16,15,2,1,1,1,True,30,M1(F2),"(4, 5, 5)"
32,1,C32,0,32,16,32,15,2,1,1,1,True,30,M1(F2),"(4, 5, 5)"
32,1,C32,0,32,16,32,15,2,1,1,1,True,30,M1(F2),"(4, 5, 5)"
32,1,C32,0,32,16,32,15,2,1,1,1,True,30,M1(F2),"(4, 5, 5)"
32,1,C32,0,32,8,32,14,2,1,1,1,True,28,M1(F2),"(3, 5, 5)"
32,1,C32,0,32,32,2,8,2,1,1,1,True,16,M1(F2),"(1, 5, 5)"
32,1,C32,0,32,32,4,12,2,1,1,1,True,24,M1(F2),"(2, 5, 5)"
32,1,C32,0,32,32,8,14,2,1,1,1,True,28,M1(F2),"(3, 5, 5)"
32,1,C32,0,32,32,16,15,2,1,1,1,True,30,M1(F2),"(4, 5, 5)"
32,1,C32,0,32,16,32,15,2,1,1,1,True,30,M1(F2),"(4, 5, 5)"
32,1,C32,0,16,32,32,15,2,1,1,1,True,30,M1(F2),"(4, 5, 5)"
32,1,C32,0,16,32,32,15,2,1,1,1,True,30,M1(F2),"(4, 5, 5)"
32,1,C32,0,16,32,32,15,2,1,1,1,True,30,M1(F2),"(4, 5, 5)"
32,1,C32,0,16,32,32,15,2,1,1,1,True,30,M1(F2),"(4, 5, 5)"
32,1,C32,0,16,32,32,15,2,1,1,1,True,30,M1(F2),"(4, 5, 5)"
32,1,C32,0,16,32,32,15,2,1,1,1,True,30,M1(F2),"(4, 5, 5)"
32,1,C32,0,16,32,32,15,2,1,1,1,True,30,M1(F2),"(4, 5, 5)"
32,1,C32,0,16,32,32,15,2,1,1,1,True,30,M1(F2),"(4, 5, 5)"
32,1,C32,0,8,32,32,14,2,1,1,1,True,28,M1(F2),"(3, 5, 5)"
32,1,C32,0,8,32,32,14,2,1,1,1,True,28,M1(F2),"(3, 5, 5)"
32,1,C32,0,8,32,32,14,2,1,1,1,True,28,M1(F2),"(3, 5, 5)"
32,1,C32,0,8,32,32,14,2,1,1,1,True,28,M1(F2),"(3, 5, 5)"
32,1,C32,0,4,32,32,12,2,1,1,1,True,24,M1(F2),"(2, 5, 5)"
32,1,C32,0,4,32,32,12,2,1,1,1,True,24,M1(F2),"(2, 5, 5)"
32,1,C32,0,2,32,32,8,2,1,1,1,True,16,M1(F2),"(1, 5, 5)"
32,2,(C4 x C2) : C4,3,4,4,4,5,5,2,3,2,True,10,M1(F2),"(16, 18, 20)"
32,3,C8 x C4,1,8,4,8,9,3,1,2,2,True,18,M1(F2),"(7, 12, 16)"
32,3,C8 x C4,1,8,8,4,9,3,1,2,2,True,18,M1(F2),"(9, 12, 16)"
32,3,C8 x C4,1,4,8,8,9,3,1,2,2,True,18,M1(F2),"(7, 12, 16)"
32,4,C8 : C4,1,8,4,8,9,3,1,2,1,True,17,M1(F2),"(7, 10, 14)"
32,4,C8 : C4,1,8,8,4,9,3,1,2,1,True,17,M1(F2),"(8, 10, 14)"
32,4,C8 : C4,1,4,8,8,9,3,1,2,1,True,17,M1(F2),"(7, 10, 14)"
32,5,(C8 x C2) : C2,2,8,2,8,5,4,2,2,2,True,10,M1(F2),"(4, 17, 18)"
32,5,(C8 x C2) : C2,2,8,8,4,9,4,3,1,1,True,22,M1(F2),"(10, 17, 18)"
32,5,(C8 x C2) : C2,2,8,4,8,9,4,3,1,1,True,22,M1(F2),"(10, 17, 18)"
32,5,(C8 x C2) : C2,2,8,8,2,5,4,2,2,2,True,10,M1(F2),"(5, 17, 18)"
32,5,(C8 x C2) : C2,2,2,8,8,5,4,2,2,2,True,10,M1(F2),"(4, 17, 18)"
32,5,(C8 x C2) : C2,2,4,8,8,9,4,3,1,1,True,22,M1(F2),"(10, 17, 18)"
32,6,(C2 x C2 x C2) : C4,2,4,2,4,1,4,1,3,2,True,2,M1(F2),"(5, 10, 13)"
32,6,(C2 x C2 x C2) : C4,2,4,4,4,5,4,2,2,1,True,8,M1(F2),"(10, 12, 13)"
32,6,(C2 x C2 x C2) : C4,2,4,4,4,5,4,2,2,1,True,8,M1(F2),"(10, 12, 13)"
32,6,(C2 x C2 x C2) : C4,2,4,4,2,1,4,1,3,2,True,2,M1(F2),"(5, 10, 13)"
32,6,(C2 x C2 x C2) : C4,2,2,4,4,1,4,1,3,2,True,2,M1(F2),"(5, 10, 13)"
32,6,(C2 x C2 x C2) : C4,2,4,4,4,5,4,2,2,1,True,8,M1(F2),"(10, 12, 13)"
32,7,(C8 : C2) : C2,1,8,2,8,5,3,2,1,1,True,8,M1(F2),"(3, 13, 18)"
32,7,(C8 : C2) : C2,1,8,8,2,5,3,2,1,1,True,8,M1(F2),"(4, 13, 18)"
32,7,(C8 : C2) : C2,1,2,8,8,5,3,2,1,1,True,8,M1(F2),"(3, 13, 18)"
32,8,C2 . ((C4 x C2) : C2) = (C2 x C2) . (C4 x C2),1,8,4,8,9,3,3,0,0,True,22,M1(F2),"(6, 9, 14)"
32,8,C2 . ((C4 x C2) : C2) = (C2 x C2) . (C4 x C2),1,8,8,4,9,3,3,0,0,True,22,M1(F2),"(7, 9, 14)"
32,8,C2 . ((C4 x C2) : C2) = (C2 x C2) . (C4 x C2),1,4,8,8,9,3,3,0,0,True,22,M1(F2),"(6, 9, 14)"
32,9,(C8 x C2) : C2,2,4,2,8,3,4,1,3,2,True,4,M1(F2),"(5, 12, 20)"
32,9,(C8 x C2) : C2,2,4,8,2,3,4,1,3,2,True,4,M1(F2),"(4, 12, 20)"
32,9,(C8 x C2) : C2,2,2,4,8,3,4,1,3,2,True,4,M1(F2),"(5, 12, 20)"
32,9,(C8 x C2) : C2,2,2,8,4,3,4,1,3,2,True,4,M1(F2),"(5, 12, 20)"
32,9,(C8 x C2) : C2,2,8,4,2,3,4,1,3,2,True,4,M1(F2),"(4, 12, 20)"
32,9,(C8 x C2) : C2,2,8,2,4,3,4,1,3,2,True,4,M1(F2),"(5, 12, 20)"
32,10,Q8 : C4,1,4,4,8,7,3,2,1,1,True,14,M1(F2),"(7, 8, 16)"
32,10,Q8 : C4,1,4,8,4,7,3,2,1,1,True,14,M1(F2),"(7, 9, 16)"
32,10,Q8 : C4,1,4,4,8,7,3,2,1,1,True,14,M1(F2),"(7, 8, 16)"
32,10,Q8 : C4,1,4,8,4,7,3,2,1,1,True,14,M1(F2),"(7, 8, 16)"
32,10,Q8 : C4,1,8,4,4,7,3,2,1,1,True,14,M1(F2),"(7, 9, 16)"
32,10,Q8 : C4,1,8,4,4,7,3,2,1,1,True,14,M1(F2),"(7, 8, 16)"
32,11,(C4 x C4) : C2,1,8,2,4,3,3,1,2,2,True,4,M1(F2),"(3, 9, 12)"
32,11,(C4 x C4) : C2,1,8,4,4,7,3,2,1,1,True,14,M1(F2),"(8, 9, 12)"
32,11,(C4 x C4) : C2,1,8,4,4,7,3,2,1,1,True,14,M1(F2),"(8, 10, 12)"
32,11,(C4 x C4) : C2,1,8,4,2,3,3,1,2,2,True,4,M1(F2),"(3, 10, 12)"
32,11,(C4 x C4) : C2,1,2,8,4,3,3,1,2,2,True,4,M1(F2),"(3, 9, 12)"
32,11,(C4 x C4) : C2,1,2,4,8,3,3,1,2,2,True,4,M1(F2),"(3, 9, 12)"
32,11,(C4 x C4) : C2,1,4,8,4,7,3,2,1,1,True,14,M1(F2),"(8, 9, 12)"
32,11,(C4 x C4) : C2,1,4,2,8,3,3,1,2,2,True,4,M1(F2),"(3, 9, 12)"
32,11,(C4 x C4) : C2,1,4,8,2,3,3,1,2,2,True,4,M1(F2),"(3, 9, 12)"
32,11,(C4 x C4) : C2,1,4,4,8,7,3,2,1,1,True,14,M1(F2),"(8, 9, 12)"
32,11,(C4 x C4) : C2,1,4,8,4,7,3,2,1,1,True,14,M1(F2),"(8, 10, 12)"
32,11,(C4 x C4) : C2,1,4,4,8,7,3,2,1,1,True,14,M1(F2),"(8, 9, 12)"
32,12,C4 : C8,1,8,4,8,9,3,1,2,1,True,18,M1(F2),"(7, 11, 14)"
32,12,C4 : C8,1,8,8,4,9,3,1,2,1,True,17,M1(F2),"(9, 11, 14)"
32,12,C4 : C8,1,8,4,8,9,3,1,2,1,True,17,M1(F2),"(9, 11, 14)"
32,12,C4 : C8,1,8,8,4,9,3,1,2,1,True,18,M1(F2),"(8, 11, 14)"
32,12,C4 : C8,1,4,8,8,9,3,1,2,1,True,18,M1(F2),"(7, 11, 14)"
32,12,C4 : C8,1,4,8,8,9,3,1,2,1,True,17,M1(F2),"(9, 11, 14)"
32,13,C8 : C4,1,4,8,4,7,3,1,2,1,True,11,M1(F2),"(7, 8, 11)"
32,13,C8 : C4,1,4,4,8,7,3,1,2,1,True,11,M1(F2),"(7, 8, 12)"
32,13,C8 : C4,1,8,4,4,7,3,1,2,1,True,11,M1(F2),"(7, 8, 11)"
32,14,C8 : C4,1,4,8,4,7,3,1,2,1,True,14,M1(F2),"(7, 8, 11)"
32,14,C8 : C4,1,4,4,8,7,3,1,2,1,True,14,M1(F2),"(7, 8, 12)"
32,14,C8 : C4,1,8,4,4,7,3,1,2,1,True,14,M1(F2),"(7, 8, 11)"
32,15,C4 . D8 = C4 . (C4 x C2),0,8,8,8,11,2,2,0,0,True,24,M1(F2),"(7, 8, 10)"
32,15,C4 . D8 = C4 . (C4 x C2),0,8,8,8,11,2,2,0,0,True,24,M1(F2),"(7, 9, 10)"
32,15,C4 . D8 = C4 . (C4 x C2),0,8,8,8,11,2,2,0,0,True,24,M1(F2),"(7, 9, 10)"
32,15,C4 . D8 = C4 . (C4 x C2),0,8,8,8,11,2,2,0,0,True,24,M1(F2),"(7, 8, 10)"
32,15,C4 . D8 = C4 . (C4 x C2),0,8,8,8,11,2,2,0,0,True,24,M1(F2),"(7, 8, 10)"
32,15,C4 . D8 = C4 . (C4 x C2),0,8,8,8,11,2,2,0,0,True,24,M1(F2),"(7, 9, 10)"
32,16,C16 x C2,1,16,2,16,7,3,1,2,2,True,14,M1(F2),"(2, 10, 12)"
32,16,C16 x C2,1,16,16,8,13,3,2,1,1,True,28,M1(F2),"(9, 10, 12)"
32,16,C16 x C2,1,16,8,16,13,3,2,1,1,True,28,M1(F2),"(9, 10, 12)"
32,16,C16 x C2,1,16,4,16,11,3,2,1,1,True,24,M1(F2),"(6, 10, 12)"
32,16,C16 x C2,1,16,16,4,11,3,2,1,1,True,24,M1(F2),"(6, 10, 12)"
32,16,C16 x C2,1,16,16,8,13,3,2,1,1,True,28,M1(F2),"(9, 10, 12)"
32,16,C16 x C2,1,16,8,16,13,3,2,1,1,True,28,M1(F2),"(9, 10, 12)"
32,16,C16 x C2,1,16,16,2,7,3,1,2,2,True,14,M1(F2),"(3, 10, 12)"
32,16,C16 x C2,1,2,16,16,7,3,1,2,2,True,14,M1(F2),"(2, 10, 12)"
32,16,C16 x C2,1,8,16,16,13,3,2,1,1,True,28,M1(F2),"(9, 10, 12)"
32,16,C16 x C2,1,8,16,16,13,3,2,1,1,True,28,M1(F2),"(9, 10, 12)"
32,16,C16 x C2,1,4,16,16,11,3,2,1,1,True,24,M1(F2),"(6, 10, 12)"
32,17,C16 : C2,0,16,2,16,7,2,1,1,1,True,11,M1(F2),"(2, 9, 11)"
32,17,C16 : C2,0,16,16,8,13,2,2,0,0,True,28,M1(F2),"(8, 9, 11)"
32,17,C16 : C2,0,16,8,16,13,2,2,0,0,True,28,M1(F2),"(8, 9, 11)"
32,17,C16 : C2,0,16,4,16,11,2,2,0,0,True,24,M1(F2),"(5, 9, 11)"
32,17,C16 : C2,0,16,16,4,11,2,2,0,0,True,24,M1(F2),"(5, 9, 11)"
32,17,C16 : C2,0,16,16,8,13,2,2,0,0,True,28,M1(F2),"(8, 9, 11)"
32,17,C16 : C2,0,16,8,16,13,2,2,0,0,True,28,M1(F2),"(8, 9, 11)"
32,17,C16 : C2,0,16,16,2,7,2,1,1,1,True,11,M1(F2),"(2, 9, 11)"
32,17,C16 : C2,0,2,16,16,7,2,1,1,1,True,11,M1(F2),"(2, 9, 11)"
32,17,C16 : C2,0,8,16,16,13,2,2,0,0,True,28,M1(F2),"(8, 9, 11)"
32,17,C16 : C2,0,8,16,16,13,2,2,0,0,True,28,M1(F2),"(8, 9, 11)"
32,17,C16 : C2,0,4,16,16,11,2,2,0,0,True,24,M1(F2),"(5, 9, 11)"
32,19,QD32,0,4,2,16,4,2,1,1,1,True,5,M1(F2),"(2, 4, 11)"
32,19,QD32,0,4,16,2,4,2,1,1,1,True,5,M1(F2),"(2, 4, 11)"
32,19,QD32,0,2,4,16,4,2,1,1,1,True,5,M1(F2),"(2, 4, 11)"
32,19,QD32,0,2,16,4,4,2,1,1,1,True,5,M1(F2),"(2, 4, 11)"
32,19,QD32,0,16,4,2,4,2,1,1,1,True,5,M1(F2),"(2, 4, 11)"
32,19,QD32,0,16,2,4,4,2,1,1,1,True,5,M1(F2),"(2, 4, 11)"
32,20,Q32,0,4,4,16,8,2,2,0,0,False,18,M1(F2)+M1(F2),"(3, 4, 10)"
32,20,Q32,0,4,16,4,8,2,2,0,0,False,18,M1(F2)+M1(F2),"(3, 4, 10)"
32,20,Q32,0,16,4,4,8,2,2,0,0,False,18,M1(F2)+M1(F2),"(3, 4, 10)"
